0.6855670103092784,frozenset({'drink|1'})
0.6804123711340206,frozenset({'rs1026435|A/A'})
0.7229381443298969,frozenset({'rs10503675|A/A'})
0.8054123711340206,frozenset({'rs1200130|C/C'})
0.7551546391752577,frozenset({'rs1200135|G/G'})
0.7951030927835051,frozenset({'rs1200137|C/C'})
0.7654639175257731,frozenset({'rs1358714|A/A'})
0.788659793814433,frozenset({'rs159153|T/T'})
0.6404639175257731,frozenset({'rs1678690|G/G'})
0.8247422680412371,frozenset({'rs17412009|C/C'})
0.720360824742268,frozenset({'rs2070703|C/C'})
0.6507731958762887,frozenset({'rs2072462|T/C'})
0.6095360824742269,frozenset({'rs293796|C/C'})
0.7976804123711341,frozenset({'rs34996498|A/A'})
0.7229381443298969,frozenset({'rs3766031|C/C'})
0.6984536082474226,frozenset({'rs3807154|G/G'})
0.7216494845360825,frozenset({'rs3872717|C/C'})
0.6688144329896907,frozenset({'rs627491|G/G'})
0.7538659793814433,frozenset({'rs6458080|T/T'})
0.6675257731958762,frozenset({'rs919390|C/C'})
0.9561855670103093,frozenset({'sex|1'})
0.6443298969072165,frozenset({'smoke|1'})
0.6829896907216495,"frozenset({'sex|1', 'drink|1'})"
0.6649484536082474,"frozenset({'rs1026435|A/A', 'rs3807154|G/G'})"
0.6494845360824743,"frozenset({'sex|1', 'rs1026435|A/A'})"
0.7177835051546392,"frozenset({'rs10503675|A/A', 'rs17412009|C/C'})"
0.6971649484536082,"frozenset({'sex|1', 'rs10503675|A/A'})"
0.634020618556701,"frozenset({'rs1200137|C/C', 'rs1200130|C/C'})"
0.6146907216494846,"frozenset({'rs1358714|A/A', 'rs1200130|C/C'})"
0.6353092783505154,"frozenset({'rs1200130|C/C', 'rs159153|T/T'})"
0.6701030927835051,"frozenset({'rs17412009|C/C', 'rs1200130|C/C'})"
0.6030927835051546,"frozenset({'rs2070703|C/C', 'rs1200130|C/C'})"
0.6365979381443299,"frozenset({'rs1200130|C/C', 'rs34996498|A/A'})"
0.6443298969072165,"frozenset({'rs3766031|C/C', 'rs1200130|C/C'})"
0.6121134020618557,"frozenset({'rs1200130|C/C', 'rs6458080|T/T'})"
0.7693298969072165,"frozenset({'sex|1', 'rs1200130|C/C'})"
0.7396907216494846,"frozenset({'rs1200137|C/C', 'rs1200135|G/G'})"
0.7345360824742269,"frozenset({'rs1358714|A/A', 'rs1200135|G/G'})"
0.6185567010309279,"frozenset({'rs17412009|C/C', 'rs1200135|G/G'})"
0.6198453608247423,"frozenset({'rs34996498|A/A', 'rs1200135|G/G'})"
0.7216494845360825,"frozenset({'sex|1', 'rs1200135|G/G'})"
0.7474226804123711,"frozenset({'rs1200137|C/C', 'rs1358714|A/A'})"
0.625,"frozenset({'rs1200137|C/C', 'rs159153|T/T'})"
0.6585051546391752,"frozenset({'rs1200137|C/C', 'rs17412009|C/C'})"
0.6404639175257731,"frozenset({'rs1200137|C/C', 'rs34996498|A/A'})"
0.6056701030927835,"frozenset({'rs1200137|C/C', 'rs6458080|T/T'})"
0.7615979381443299,"frozenset({'rs1200137|C/C', 'sex|1'})"
0.6056701030927835,"frozenset({'rs1358714|A/A', 'rs159153|T/T'})"
0.6288659793814433,"frozenset({'rs17412009|C/C', 'rs1358714|A/A'})"
0.6224226804123711,"frozenset({'rs1358714|A/A', 'rs34996498|A/A'})"
0.729381443298969,"frozenset({'sex|1', 'rs1358714|A/A'})"
0.6469072164948454,"frozenset({'rs17412009|C/C', 'rs159153|T/T'})"
0.6224226804123711,"frozenset({'rs34996498|A/A', 'rs159153|T/T'})"
0.6185567010309279,"frozenset({'rs3872717|C/C', 'rs159153|T/T'})"
0.75,"frozenset({'sex|1', 'rs159153|T/T'})"
0.6353092783505154,"frozenset({'rs6458080|T/T', 'rs1678690|G/G'})"
0.6172680412371134,"frozenset({'sex|1', 'rs1678690|G/G'})"
0.6559278350515464,"frozenset({'rs17412009|C/C', 'rs34996498|A/A'})"
0.645618556701031,"frozenset({'rs17412009|C/C', 'rs6458080|T/T'})"
0.7860824742268041,"frozenset({'sex|1', 'rs17412009|C/C'})"
0.6945876288659794,"frozenset({'sex|1', 'rs2070703|C/C'})"
0.6172680412371134,"frozenset({'sex|1', 'rs2072462|T/C'})"
0.604381443298969,"frozenset({'rs6458080|T/T', 'rs34996498|A/A'})"
0.759020618556701,"frozenset({'sex|1', 'rs34996498|A/A'})"
0.6868556701030928,"frozenset({'sex|1', 'rs3766031|C/C'})"
0.6675257731958762,"frozenset({'sex|1', 'rs3807154|G/G'})"
0.6881443298969072,"frozenset({'sex|1', 'rs3872717|C/C'})"
0.6327319587628866,"frozenset({'sex|1', 'rs627491|G/G'})"
0.7229381443298969,"frozenset({'sex|1', 'rs6458080|T/T'})"
0.634020618556701,"frozenset({'sex|1', 'rs919390|C/C'})"
0.6417525773195877,"frozenset({'sex|1', 'smoke|1'})"
0.634020618556701,"frozenset({'sex|1', 'rs1026435|A/A', 'rs3807154|G/G'})"
0.6920103092783505,"frozenset({'sex|1', 'rs17412009|C/C', 'rs10503675|A/A'})"
0.604381443298969,"frozenset({'rs1200137|C/C', 'rs1358714|A/A', 'rs1200130|C/C'})"
0.6030927835051546,"frozenset({'rs1200137|C/C', 'sex|1', 'rs1200130|C/C'})"
0.6018041237113402,"frozenset({'sex|1', 'rs1200130|C/C', 'rs159153|T/T'})"
0.6365979381443299,"frozenset({'sex|1', 'rs17412009|C/C', 'rs1200130|C/C'})"
0.6056701030927835,"frozenset({'sex|1', 'rs1200130|C/C', 'rs34996498|A/A'})"
0.615979381443299,"frozenset({'sex|1', 'rs3766031|C/C', 'rs1200130|C/C'})"
0.7216494845360825,"frozenset({'rs1200137|C/C', 'rs1358714|A/A', 'rs1200135|G/G'})"
0.6108247422680413,"frozenset({'rs1200137|C/C', 'rs17412009|C/C', 'rs1200135|G/G'})"
0.6069587628865979,"frozenset({'rs1200137|C/C', 'rs34996498|A/A', 'rs1200135|G/G'})"
0.7087628865979382,"frozenset({'rs1200137|C/C', 'sex|1', 'rs1200135|G/G'})"
0.6030927835051546,"frozenset({'rs17412009|C/C', 'rs1358714|A/A', 'rs1200135|G/G'})"
0.604381443298969,"frozenset({'rs1358714|A/A', 'rs34996498|A/A', 'rs1200135|G/G'})"
0.7010309278350515,"frozenset({'sex|1', 'rs1358714|A/A', 'rs1200135|G/G'})"
0.615979381443299,"frozenset({'rs1200137|C/C', 'rs17412009|C/C', 'rs1358714|A/A'})"
0.6095360824742269,"frozenset({'rs1200137|C/C', 'rs1358714|A/A', 'rs34996498|A/A'})"
0.7139175257731959,"frozenset({'rs1200137|C/C', 'sex|1', 'rs1358714|A/A'})"
0.6301546391752577,"frozenset({'rs1200137|C/C', 'sex|1', 'rs17412009|C/C'})"
0.6121134020618557,"frozenset({'rs1200137|C/C', 'sex|1', 'rs34996498|A/A'})"
0.6134020618556701,"frozenset({'sex|1', 'rs17412009|C/C', 'rs159153|T/T'})"
0.6121134020618557,"frozenset({'sex|1', 'rs6458080|T/T', 'rs1678690|G/G'})"
0.6224226804123711,"frozenset({'sex|1', 'rs17412009|C/C', 'rs34996498|A/A'})"
0.6146907216494846,"frozenset({'sex|1', 'rs17412009|C/C', 'rs6458080|T/T'})"
0.6907216494845361,"frozenset({'rs1200137|C/C', 'sex|1', 'rs1358714|A/A', 'rs1200135|G/G'})"
