0.6726027397260274,frozenset({'drink|1'})
0.6726027397260274,frozenset({'rs1026435|A/A'})
0.647945205479452,frozenset({'rs10503675|A/A'})
0.7643835616438356,frozenset({'rs1200130|C/C'})
0.726027397260274,frozenset({'rs1200135|G/G'})
0.763013698630137,frozenset({'rs1200137|C/C'})
0.7191780821917808,frozenset({'rs1358714|A/A'})
0.7945205479452054,frozenset({'rs159153|T/T'})
0.7753424657534247,frozenset({'rs17412009|C/C'})
0.7205479452054795,frozenset({'rs2070703|C/C'})
0.6643835616438356,frozenset({'rs2072462|T/C'})
0.6027397260273972,frozenset({'rs293796|C/C'})
0.7780821917808219,frozenset({'rs34996498|A/A'})
0.7123287671232876,frozenset({'rs3766031|C/C'})
0.6931506849315069,frozenset({'rs3807154|G/G'})
0.7410958904109589,frozenset({'rs3872717|C/C'})
0.6493150684931507,frozenset({'rs627491|G/G'})
0.7041095890410959,frozenset({'rs6458080|T/T'})
0.6712328767123288,frozenset({'rs919390|C/C'})
0.9547945205479452,frozenset({'sex|1'})
0.6712328767123288,"frozenset({'sex|1', 'drink|1'})"
0.6671232876712329,"frozenset({'rs1026435|A/A', 'rs3807154|G/G'})"
0.6438356164383562,"frozenset({'sex|1', 'rs1026435|A/A'})"
0.647945205479452,"frozenset({'rs10503675|A/A', 'rs17412009|C/C'})"
0.6150684931506849,"frozenset({'rs10503675|A/A', 'sex|1'})"
0.6013698630136987,"frozenset({'rs1200130|C/C', 'rs159153|T/T'})"
0.6178082191780822,"frozenset({'rs3766031|C/C', 'rs1200130|C/C'})"
0.726027397260274,"frozenset({'sex|1', 'rs1200130|C/C'})"
0.7,"frozenset({'rs1200137|C/C', 'rs1200135|G/G'})"
0.7054794520547946,"frozenset({'rs1358714|A/A', 'rs1200135|G/G'})"
0.6917808219178082,"frozenset({'sex|1', 'rs1200135|G/G'})"
0.7054794520547946,"frozenset({'rs1200137|C/C', 'rs1358714|A/A'})"
0.6082191780821918,"frozenset({'rs1200137|C/C', 'rs159153|T/T'})"
0.6,"frozenset({'rs1200137|C/C', 'rs17412009|C/C'})"
0.7273972602739726,"frozenset({'rs1200137|C/C', 'sex|1'})"
0.684931506849315,"frozenset({'sex|1', 'rs1358714|A/A'})"
0.6150684931506849,"frozenset({'rs17412009|C/C', 'rs159153|T/T'})"
0.6232876712328768,"frozenset({'rs34996498|A/A', 'rs159153|T/T'})"
0.6438356164383562,"frozenset({'rs3872717|C/C', 'rs159153|T/T'})"
0.7561643835616438,"frozenset({'sex|1', 'rs159153|T/T'})"
0.7342465753424657,"frozenset({'sex|1', 'rs17412009|C/C'})"
0.6904109589041096,"frozenset({'sex|1', 'rs2070703|C/C'})"
0.6356164383561644,"frozenset({'sex|1', 'rs2072462|T/C'})"
0.7424657534246575,"frozenset({'sex|1', 'rs34996498|A/A'})"
0.6726027397260274,"frozenset({'sex|1', 'rs3766031|C/C'})"
0.663013698630137,"frozenset({'sex|1', 'rs3807154|G/G'})"
0.7109589041095891,"frozenset({'sex|1', 'rs3872717|C/C'})"
0.6246575342465753,"frozenset({'sex|1', 'rs627491|G/G'})"
0.6698630136986301,"frozenset({'sex|1', 'rs6458080|T/T'})"
0.6465753424657534,"frozenset({'sex|1', 'rs919390|C/C'})"
0.6383561643835617,"frozenset({'sex|1', 'rs1026435|A/A', 'rs3807154|G/G'})"
0.6150684931506849,"frozenset({'rs10503675|A/A', 'sex|1', 'rs17412009|C/C'})"
0.6917808219178082,"frozenset({'rs1200137|C/C', 'rs1358714|A/A', 'rs1200135|G/G'})"
0.6657534246575343,"frozenset({'rs1200137|C/C', 'sex|1', 'rs1200135|G/G'})"
0.6712328767123288,"frozenset({'sex|1', 'rs1358714|A/A', 'rs1200135|G/G'})"
0.6712328767123288,"frozenset({'rs1200137|C/C', 'sex|1', 'rs1358714|A/A'})"
0.6150684931506849,"frozenset({'sex|1', 'rs3872717|C/C', 'rs159153|T/T'})"
0.6575342465753424,"frozenset({'rs1200137|C/C', 'sex|1', 'rs1358714|A/A', 'rs1200135|G/G'})"
